﻿<?xml version="1.0" encoding="utf-8" ?>
<resources>
    <color name="primary">#373837</color>
    <color name="primaryDark">#356774</color>
    <color name="accent">#374A16</color>
    <color name="rowEven">#DDDDDD</color>
    <color name="rowOdd">#EEEEEE</color>
    <color name="headerColor">#78A22F</color>
    <color name="dividerColor">#111111</color>
    <color name="titleColor">#ff0000</color>
    <color name="titleTextColor">#ffffff</color>
    <color name="buttonColor">#78A22F</color>
    <color name="buttonTextColor">#ffffff</color>
</resources>